DATAFLOW,LAST UPDATE,freq,s_adj,indic,geo,TIME_PERIOD,OBS_VALUE,OBS_FLAG
ESTAT:EI_ISEN_M(1.0),19/12/24 11:00:00,Monthly,Unadjusted data (i.e. neither seasonally adjusted nor calendar adjusted data),Consumption of electricity - GWh,Greece,2008-01,4751.000,
ESTAT:EI_ISEN_M(1.0),19/12/24 11:00:00,Monthly,Unadjusted data (i.e. neither seasonally adjusted nor calendar adjusted data),Consumption of electricity - GWh,Greece,2008-02,4253.000,
ESTAT:EI_ISEN_M(1.0),19/12/24 11:00:00,Monthly,Unadjusted data (i.e. neither seasonally adjusted nor calendar adjusted data),Consumption of electricity - GWh,Greece,2008-03,3873.000,
ESTAT:EI_ISEN_M(1.0),19/12/24 11:00:00,Monthly,Unadjusted data (i.e. neither seasonally adjusted nor calendar adjusted data),Consumption of electricity - GWh,Greece,2008-04,4038.000,
ESTAT:EI_ISEN_M(1.0),19/12/24 11:00:00,Monthly,Unadjusted data (i.e. neither seasonally adjusted nor calendar adjusted data),Consumption of electricity - GWh,Greece,2008-05,4309.000,
ESTAT:EI_ISEN_M(1.0),19/12/24 11:00:00,Monthly,Unadjusted data (i.e. neither seasonally adjusted nor calendar adjusted data),Consumption of electricity - GWh,Greece,2008-06,4912.000,
ESTAT:EI_ISEN_M(1.0),19/12/24 11:00:00,Monthly,Unadjusted data (i.e. neither seasonally adjusted nor calendar adjusted data),Consumption of electricity - GWh,Greece,2008-07,5752.000,
ESTAT:EI_ISEN_M(1.0),19/12/24 11:00:00,Monthly,Unadjusted data (i.e. neither seasonally adjusted nor calendar adjusted data),Consumption of electricity - GWh,Greece,2008-08,5265.000,
ESTAT:EI_ISEN_M(1.0),19/12/24 11:00:00,Monthly,Unadjusted data (i.e. neither seasonally adjusted nor calendar adjusted data),Consumption of electricity - GWh,Greece,2008-09,4526.000,
ESTAT:EI_ISEN_M(1.0),19/12/24 11:00:00,Monthly,Unadjusted data (i.e. neither seasonally adjusted nor calendar adjusted data),Consumption of electricity - GWh,Greece,2008-10,4145.000,
ESTAT:EI_ISEN_M(1.0),19/12/24 11:00:00,Monthly,Unadjusted data (i.e. neither seasonally adjusted nor calendar adjusted data),Consumption of electricity - GWh,Greece,2008-11,4141.000,
ESTAT:EI_ISEN_M(1.0),19/12/24 11:00:00,Monthly,Unadjusted data (i.e. neither seasonally adjusted nor calendar adjusted data),Consumption of electricity - GWh,Greece,2008-12,4510.000,
ESTAT:EI_ISEN_M(1.0),19/12/24 11:00:00,Monthly,Unadjusted data (i.e. neither seasonally adjusted nor calendar adjusted data),Consumption of electricity - GWh,Greece,2009-01,4992.000,
ESTAT:EI_ISEN_M(1.0),19/12/24 11:00:00,Monthly,Unadjusted data (i.e. neither seasonally adjusted nor calendar adjusted data),Consumption of electricity - GWh,Greece,2009-02,4522.000,
ESTAT:EI_ISEN_M(1.0),19/12/24 11:00:00,Monthly,Unadjusted data (i.e. neither seasonally adjusted nor calendar adjusted data),Consumption of electricity - GWh,Greece,2009-03,4692.000,
ESTAT:EI_ISEN_M(1.0),19/12/24 11:00:00,Monthly,Unadjusted data (i.e. neither seasonally adjusted nor calendar adjusted data),Consumption of electricity - GWh,Greece,2009-04,4133.000,
ESTAT:EI_ISEN_M(1.0),19/12/24 11:00:00,Monthly,Unadjusted data (i.e. neither seasonally adjusted nor calendar adjusted data),Consumption of electricity - GWh,Greece,2009-05,4524.000,
ESTAT:EI_ISEN_M(1.0),19/12/24 11:00:00,Monthly,Unadjusted data (i.e. neither seasonally adjusted nor calendar adjusted data),Consumption of electricity - GWh,Greece,2009-06,5061.000,
ESTAT:EI_ISEN_M(1.0),19/12/24 11:00:00,Monthly,Unadjusted data (i.e. neither seasonally adjusted nor calendar adjusted data),Consumption of electricity - GWh,Greece,2009-07,5957.000,
ESTAT:EI_ISEN_M(1.0),19/12/24 11:00:00,Monthly,Unadjusted data (i.e. neither seasonally adjusted nor calendar adjusted data),Consumption of electricity - GWh,Greece,2009-08,5315.000,
ESTAT:EI_ISEN_M(1.0),19/12/24 11:00:00,Monthly,Unadjusted data (i.e. neither seasonally adjusted nor calendar adjusted data),Consumption of electricity - GWh,Greece,2009-09,4581.000,
ESTAT:EI_ISEN_M(1.0),19/12/24 11:00:00,Monthly,Unadjusted data (i.e. neither seasonally adjusted nor calendar adjusted data),Consumption of electricity - GWh,Greece,2009-10,4561.000,
ESTAT:EI_ISEN_M(1.0),19/12/24 11:00:00,Monthly,Unadjusted data (i.e. neither seasonally adjusted nor calendar adjusted data),Consumption of electricity - GWh,Greece,2009-11,4497.000,
ESTAT:EI_ISEN_M(1.0),19/12/24 11:00:00,Monthly,Unadjusted data (i.e. neither seasonally adjusted nor calendar adjusted data),Consumption of electricity - GWh,Greece,2009-12,4886.000,
ESTAT:EI_ISEN_M(1.0),19/12/24 11:00:00,Monthly,Unadjusted data (i.e. neither seasonally adjusted nor calendar adjusted data),Consumption of electricity - GWh,Greece,2010-01,4903.000,
ESTAT:EI_ISEN_M(1.0),19/12/24 11:00:00,Monthly,Unadjusted data (i.e. neither seasonally adjusted nor calendar adjusted data),Consumption of electricity - GWh,Greece,2010-02,4265.000,
ESTAT:EI_ISEN_M(1.0),19/12/24 11:00:00,Monthly,Unadjusted data (i.e. neither seasonally adjusted nor calendar adjusted data),Consumption of electricity - GWh,Greece,2010-03,4481.000,
ESTAT:EI_ISEN_M(1.0),19/12/24 11:00:00,Monthly,Unadjusted data (i.e. neither seasonally adjusted nor calendar adjusted data),Consumption of electricity - GWh,Greece,2010-04,4160.000,
ESTAT:EI_ISEN_M(1.0),19/12/24 11:00:00,Monthly,Unadjusted data (i.e. neither seasonally adjusted nor calendar adjusted data),Consumption of electricity - GWh,Greece,2010-05,4502.000,
ESTAT:EI_ISEN_M(1.0),19/12/24 11:00:00,Monthly,Unadjusted data (i.e. neither seasonally adjusted nor calendar adjusted data),Consumption of electricity - GWh,Greece,2010-06,4966.000,
ESTAT:EI_ISEN_M(1.0),19/12/24 11:00:00,Monthly,Unadjusted data (i.e. neither seasonally adjusted nor calendar adjusted data),Consumption of electricity - GWh,Greece,2010-07,6038.000,
ESTAT:EI_ISEN_M(1.0),19/12/24 11:00:00,Monthly,Unadjusted data (i.e. neither seasonally adjusted nor calendar adjusted data),Consumption of electricity - GWh,Greece,2010-08,6026.000,
ESTAT:EI_ISEN_M(1.0),19/12/24 11:00:00,Monthly,Unadjusted data (i.e. neither seasonally adjusted nor calendar adjusted data),Consumption of electricity - GWh,Greece,2010-09,4661.000,
ESTAT:EI_ISEN_M(1.0),19/12/24 11:00:00,Monthly,Unadjusted data (i.e. neither seasonally adjusted nor calendar adjusted data),Consumption of electricity - GWh,Greece,2010-10,4397.000,
ESTAT:EI_ISEN_M(1.0),19/12/24 11:00:00,Monthly,Unadjusted data (i.e. neither seasonally adjusted nor calendar adjusted data),Consumption of electricity - GWh,Greece,2010-11,4269.000,
ESTAT:EI_ISEN_M(1.0),19/12/24 11:00:00,Monthly,Unadjusted data (i.e. neither seasonally adjusted nor calendar adjusted data),Consumption of electricity - GWh,Greece,2010-12,4764.000,
ESTAT:EI_ISEN_M(1.0),19/12/24 11:00:00,Monthly,Unadjusted data (i.e. neither seasonally adjusted nor calendar adjusted data),Consumption of electricity - GWh,Greece,2011-01,4942.000,
ESTAT:EI_ISEN_M(1.0),19/12/24 11:00:00,Monthly,Unadjusted data (i.e. neither seasonally adjusted nor calendar adjusted data),Consumption of electricity - GWh,Greece,2011-02,4478.000,
ESTAT:EI_ISEN_M(1.0),19/12/24 11:00:00,Monthly,Unadjusted data (i.e. neither seasonally adjusted nor calendar adjusted data),Consumption of electricity - GWh,Greece,2011-03,4776.000,
ESTAT:EI_ISEN_M(1.0),19/12/24 11:00:00,Monthly,Unadjusted data (i.e. neither seasonally adjusted nor calendar adjusted data),Consumption of electricity - GWh,Greece,2011-04,4162.000,
ESTAT:EI_ISEN_M(1.0),19/12/24 11:00:00,Monthly,Unadjusted data (i.e. neither seasonally adjusted nor calendar adjusted data),Consumption of electricity - GWh,Greece,2011-05,4337.000,
ESTAT:EI_ISEN_M(1.0),19/12/24 11:00:00,Monthly,Unadjusted data (i.e. neither seasonally adjusted nor calendar adjusted data),Consumption of electricity - GWh,Greece,2011-06,4617.000,
ESTAT:EI_ISEN_M(1.0),19/12/24 11:00:00,Monthly,Unadjusted data (i.e. neither seasonally adjusted nor calendar adjusted data),Consumption of electricity - GWh,Greece,2011-07,6007.000,
ESTAT:EI_ISEN_M(1.0),19/12/24 11:00:00,Monthly,Unadjusted data (i.e. neither seasonally adjusted nor calendar adjusted data),Consumption of electricity - GWh,Greece,2011-08,5380.000,
ESTAT:EI_ISEN_M(1.0),19/12/24 11:00:00,Monthly,Unadjusted data (i.e. neither seasonally adjusted nor calendar adjusted data),Consumption of electricity - GWh,Greece,2011-09,4804.000,
ESTAT:EI_ISEN_M(1.0),19/12/24 11:00:00,Monthly,Unadjusted data (i.e. neither seasonally adjusted nor calendar adjusted data),Consumption of electricity - GWh,Greece,2011-10,4385.000,
ESTAT:EI_ISEN_M(1.0),19/12/24 11:00:00,Monthly,Unadjusted data (i.e. neither seasonally adjusted nor calendar adjusted data),Consumption of electricity - GWh,Greece,2011-11,4634.000,
ESTAT:EI_ISEN_M(1.0),19/12/24 11:00:00,Monthly,Unadjusted data (i.e. neither seasonally adjusted nor calendar adjusted data),Consumption of electricity - GWh,Greece,2011-12,4850.000,
ESTAT:EI_ISEN_M(1.0),19/12/24 11:00:00,Monthly,Unadjusted data (i.e. neither seasonally adjusted nor calendar adjusted data),Consumption of electricity - GWh,Greece,2012-01,5173.000,
ESTAT:EI_ISEN_M(1.0),19/12/24 11:00:00,Monthly,Unadjusted data (i.e. neither seasonally adjusted nor calendar adjusted data),Consumption of electricity - GWh,Greece,2012-02,4625.000,
ESTAT:EI_ISEN_M(1.0),19/12/24 11:00:00,Monthly,Unadjusted data (i.e. neither seasonally adjusted nor calendar adjusted data),Consumption of electricity - GWh,Greece,2012-03,4577.000,
ESTAT:EI_ISEN_M(1.0),19/12/24 11:00:00,Monthly,Unadjusted data (i.e. neither seasonally adjusted nor calendar adjusted data),Consumption of electricity - GWh,Greece,2012-04,3879.000,
ESTAT:EI_ISEN_M(1.0),19/12/24 11:00:00,Monthly,Unadjusted data (i.e. neither seasonally adjusted nor calendar adjusted data),Consumption of electricity - GWh,Greece,2012-05,4207.000,
ESTAT:EI_ISEN_M(1.0),19/12/24 11:00:00,Monthly,Unadjusted data (i.e. neither seasonally adjusted nor calendar adjusted data),Consumption of electricity - GWh,Greece,2012-06,4992.000,
ESTAT:EI_ISEN_M(1.0),19/12/24 11:00:00,Monthly,Unadjusted data (i.e. neither seasonally adjusted nor calendar adjusted data),Consumption of electricity - GWh,Greece,2012-07,6190.000,
ESTAT:EI_ISEN_M(1.0),19/12/24 11:00:00,Monthly,Unadjusted data (i.e. neither seasonally adjusted nor calendar adjusted data),Consumption of electricity - GWh,Greece,2012-08,5527.000,
ESTAT:EI_ISEN_M(1.0),19/12/24 11:00:00,Monthly,Unadjusted data (i.e. neither seasonally adjusted nor calendar adjusted data),Consumption of electricity - GWh,Greece,2012-09,4453.000,
ESTAT:EI_ISEN_M(1.0),19/12/24 11:00:00,Monthly,Unadjusted data (i.e. neither seasonally adjusted nor calendar adjusted data),Consumption of electricity - GWh,Greece,2012-10,4396.000,
ESTAT:EI_ISEN_M(1.0),19/12/24 11:00:00,Monthly,Unadjusted data (i.e. neither seasonally adjusted nor calendar adjusted data),Consumption of electricity - GWh,Greece,2012-11,4230.000,
ESTAT:EI_ISEN_M(1.0),19/12/24 11:00:00,Monthly,Unadjusted data (i.e. neither seasonally adjusted nor calendar adjusted data),Consumption of electricity - GWh,Greece,2012-12,5002.000,
ESTAT:EI_ISEN_M(1.0),19/12/24 11:00:00,Monthly,Unadjusted data (i.e. neither seasonally adjusted nor calendar adjusted data),Consumption of electricity - GWh,Greece,2013-01,5068.000,
ESTAT:EI_ISEN_M(1.0),19/12/24 11:00:00,Monthly,Unadjusted data (i.e. neither seasonally adjusted nor calendar adjusted data),Consumption of electricity - GWh,Greece,2013-02,4375.000,
ESTAT:EI_ISEN_M(1.0),19/12/24 11:00:00,Monthly,Unadjusted data (i.e. neither seasonally adjusted nor calendar adjusted data),Consumption of electricity - GWh,Greece,2013-03,4410.000,
ESTAT:EI_ISEN_M(1.0),19/12/24 11:00:00,Monthly,Unadjusted data (i.e. neither seasonally adjusted nor calendar adjusted data),Consumption of electricity - GWh,Greece,2013-04,3948.000,
ESTAT:EI_ISEN_M(1.0),19/12/24 11:00:00,Monthly,Unadjusted data (i.e. neither seasonally adjusted nor calendar adjusted data),Consumption of electricity - GWh,Greece,2013-05,4162.000,
ESTAT:EI_ISEN_M(1.0),19/12/24 11:00:00,Monthly,Unadjusted data (i.e. neither seasonally adjusted nor calendar adjusted data),Consumption of electricity - GWh,Greece,2013-06,4720.000,
ESTAT:EI_ISEN_M(1.0),19/12/24 11:00:00,Monthly,Unadjusted data (i.e. neither seasonally adjusted nor calendar adjusted data),Consumption of electricity - GWh,Greece,2013-07,5307.000,
ESTAT:EI_ISEN_M(1.0),19/12/24 11:00:00,Monthly,Unadjusted data (i.e. neither seasonally adjusted nor calendar adjusted data),Consumption of electricity - GWh,Greece,2013-08,5298.000,
ESTAT:EI_ISEN_M(1.0),19/12/24 11:00:00,Monthly,Unadjusted data (i.e. neither seasonally adjusted nor calendar adjusted data),Consumption of electricity - GWh,Greece,2013-09,4413.000,
ESTAT:EI_ISEN_M(1.0),19/12/24 11:00:00,Monthly,Unadjusted data (i.e. neither seasonally adjusted nor calendar adjusted data),Consumption of electricity - GWh,Greece,2013-10,4363.000,
ESTAT:EI_ISEN_M(1.0),19/12/24 11:00:00,Monthly,Unadjusted data (i.e. neither seasonally adjusted nor calendar adjusted data),Consumption of electricity - GWh,Greece,2013-11,4244.000,
ESTAT:EI_ISEN_M(1.0),19/12/24 11:00:00,Monthly,Unadjusted data (i.e. neither seasonally adjusted nor calendar adjusted data),Consumption of electricity - GWh,Greece,2013-12,5133.000,
ESTAT:EI_ISEN_M(1.0),19/12/24 11:00:00,Monthly,Unadjusted data (i.e. neither seasonally adjusted nor calendar adjusted data),Consumption of electricity - GWh,Greece,2014-01,4868.000,
ESTAT:EI_ISEN_M(1.0),19/12/24 11:00:00,Monthly,Unadjusted data (i.e. neither seasonally adjusted nor calendar adjusted data),Consumption of electricity - GWh,Greece,2014-02,4259.000,
ESTAT:EI_ISEN_M(1.0),19/12/24 11:00:00,Monthly,Unadjusted data (i.e. neither seasonally adjusted nor calendar adjusted data),Consumption of electricity - GWh,Greece,2014-03,4483.000,
ESTAT:EI_ISEN_M(1.0),19/12/24 11:00:00,Monthly,Unadjusted data (i.e. neither seasonally adjusted nor calendar adjusted data),Consumption of electricity - GWh,Greece,2014-04,4046.000,
ESTAT:EI_ISEN_M(1.0),19/12/24 11:00:00,Monthly,Unadjusted data (i.e. neither seasonally adjusted nor calendar adjusted data),Consumption of electricity - GWh,Greece,2014-05,4197.000,
ESTAT:EI_ISEN_M(1.0),19/12/24 11:00:00,Monthly,Unadjusted data (i.e. neither seasonally adjusted nor calendar adjusted data),Consumption of electricity - GWh,Greece,2014-06,4565.000,
ESTAT:EI_ISEN_M(1.0),19/12/24 11:00:00,Monthly,Unadjusted data (i.e. neither seasonally adjusted nor calendar adjusted data),Consumption of electricity - GWh,Greece,2014-07,5508.000,
ESTAT:EI_ISEN_M(1.0),19/12/24 11:00:00,Monthly,Unadjusted data (i.e. neither seasonally adjusted nor calendar adjusted data),Consumption of electricity - GWh,Greece,2014-08,5392.000,
ESTAT:EI_ISEN_M(1.0),19/12/24 11:00:00,Monthly,Unadjusted data (i.e. neither seasonally adjusted nor calendar adjusted data),Consumption of electricity - GWh,Greece,2014-09,4480.000,
ESTAT:EI_ISEN_M(1.0),19/12/24 11:00:00,Monthly,Unadjusted data (i.e. neither seasonally adjusted nor calendar adjusted data),Consumption of electricity - GWh,Greece,2014-10,4405.000,
ESTAT:EI_ISEN_M(1.0),19/12/24 11:00:00,Monthly,Unadjusted data (i.e. neither seasonally adjusted nor calendar adjusted data),Consumption of electricity - GWh,Greece,2014-11,4511.000,
ESTAT:EI_ISEN_M(1.0),19/12/24 11:00:00,Monthly,Unadjusted data (i.e. neither seasonally adjusted nor calendar adjusted data),Consumption of electricity - GWh,Greece,2014-12,5023.000,
ESTAT:EI_ISEN_M(1.0),19/12/24 11:00:00,Monthly,Unadjusted data (i.e. neither seasonally adjusted nor calendar adjusted data),Consumption of electricity - GWh,Greece,2015-01,5307.000,
ESTAT:EI_ISEN_M(1.0),19/12/24 11:00:00,Monthly,Unadjusted data (i.e. neither seasonally adjusted nor calendar adjusted data),Consumption of electricity - GWh,Greece,2015-02,4702.000,
ESTAT:EI_ISEN_M(1.0),19/12/24 11:00:00,Monthly,Unadjusted data (i.e. neither seasonally adjusted nor calendar adjusted data),Consumption of electricity - GWh,Greece,2015-03,4944.000,
ESTAT:EI_ISEN_M(1.0),19/12/24 11:00:00,Monthly,Unadjusted data (i.e. neither seasonally adjusted nor calendar adjusted data),Consumption of electricity - GWh,Greece,2015-04,4288.000,
ESTAT:EI_ISEN_M(1.0),19/12/24 11:00:00,Monthly,Unadjusted data (i.e. neither seasonally adjusted nor calendar adjusted data),Consumption of electricity - GWh,Greece,2015-05,4243.000,
ESTAT:EI_ISEN_M(1.0),19/12/24 11:00:00,Monthly,Unadjusted data (i.e. neither seasonally adjusted nor calendar adjusted data),Consumption of electricity - GWh,Greece,2015-06,4361.000,
ESTAT:EI_ISEN_M(1.0),19/12/24 11:00:00,Monthly,Unadjusted data (i.e. neither seasonally adjusted nor calendar adjusted data),Consumption of electricity - GWh,Greece,2015-07,5532.000,
ESTAT:EI_ISEN_M(1.0),19/12/24 11:00:00,Monthly,Unadjusted data (i.e. neither seasonally adjusted nor calendar adjusted data),Consumption of electricity - GWh,Greece,2015-08,5292.000,
ESTAT:EI_ISEN_M(1.0),19/12/24 11:00:00,Monthly,Unadjusted data (i.e. neither seasonally adjusted nor calendar adjusted data),Consumption of electricity - GWh,Greece,2015-09,4586.000,
ESTAT:EI_ISEN_M(1.0),19/12/24 11:00:00,Monthly,Unadjusted data (i.e. neither seasonally adjusted nor calendar adjusted data),Consumption of electricity - GWh,Greece,2015-10,4171.000,
ESTAT:EI_ISEN_M(1.0),19/12/24 11:00:00,Monthly,Unadjusted data (i.e. neither seasonally adjusted nor calendar adjusted data),Consumption of electricity - GWh,Greece,2015-11,4143.000,
ESTAT:EI_ISEN_M(1.0),19/12/24 11:00:00,Monthly,Unadjusted data (i.e. neither seasonally adjusted nor calendar adjusted data),Consumption of electricity - GWh,Greece,2015-12,4842.000,
ESTAT:EI_ISEN_M(1.0),19/12/24 11:00:00,Monthly,Unadjusted data (i.e. neither seasonally adjusted nor calendar adjusted data),Consumption of electricity - GWh,Greece,2016-01,5063.000,
ESTAT:EI_ISEN_M(1.0),19/12/24 11:00:00,Monthly,Unadjusted data (i.e. neither seasonally adjusted nor calendar adjusted data),Consumption of electricity - GWh,Greece,2016-02,4300.000,
ESTAT:EI_ISEN_M(1.0),19/12/24 11:00:00,Monthly,Unadjusted data (i.e. neither seasonally adjusted nor calendar adjusted data),Consumption of electricity - GWh,Greece,2016-03,4525.000,
ESTAT:EI_ISEN_M(1.0),19/12/24 11:00:00,Monthly,Unadjusted data (i.e. neither seasonally adjusted nor calendar adjusted data),Consumption of electricity - GWh,Greece,2016-04,4005.000,
ESTAT:EI_ISEN_M(1.0),19/12/24 11:00:00,Monthly,Unadjusted data (i.e. neither seasonally adjusted nor calendar adjusted data),Consumption of electricity - GWh,Greece,2016-05,4170.000,
ESTAT:EI_ISEN_M(1.0),19/12/24 11:00:00,Monthly,Unadjusted data (i.e. neither seasonally adjusted nor calendar adjusted data),Consumption of electricity - GWh,Greece,2016-06,4966.000,
ESTAT:EI_ISEN_M(1.0),19/12/24 11:00:00,Monthly,Unadjusted data (i.e. neither seasonally adjusted nor calendar adjusted data),Consumption of electricity - GWh,Greece,2016-07,5756.000,
ESTAT:EI_ISEN_M(1.0),19/12/24 11:00:00,Monthly,Unadjusted data (i.e. neither seasonally adjusted nor calendar adjusted data),Consumption of electricity - GWh,Greece,2016-08,5417.000,
ESTAT:EI_ISEN_M(1.0),19/12/24 11:00:00,Monthly,Unadjusted data (i.e. neither seasonally adjusted nor calendar adjusted data),Consumption of electricity - GWh,Greece,2016-09,4503.000,
ESTAT:EI_ISEN_M(1.0),19/12/24 11:00:00,Monthly,Unadjusted data (i.e. neither seasonally adjusted nor calendar adjusted data),Consumption of electricity - GWh,Greece,2016-10,4317.000,
ESTAT:EI_ISEN_M(1.0),19/12/24 11:00:00,Monthly,Unadjusted data (i.e. neither seasonally adjusted nor calendar adjusted data),Consumption of electricity - GWh,Greece,2016-11,4445.000,
ESTAT:EI_ISEN_M(1.0),19/12/24 11:00:00,Monthly,Unadjusted data (i.e. neither seasonally adjusted nor calendar adjusted data),Consumption of electricity - GWh,Greece,2016-12,5358.000,
ESTAT:EI_ISEN_M(1.0),19/12/24 11:00:00,Monthly,Unadjusted data (i.e. neither seasonally adjusted nor calendar adjusted data),Consumption of electricity - GWh,Greece,2017-01,5550.875,
ESTAT:EI_ISEN_M(1.0),19/12/24 11:00:00,Monthly,Unadjusted data (i.e. neither seasonally adjusted nor calendar adjusted data),Consumption of electricity - GWh,Greece,2017-02,4481.545,
ESTAT:EI_ISEN_M(1.0),19/12/24 11:00:00,Monthly,Unadjusted data (i.e. neither seasonally adjusted nor calendar adjusted data),Consumption of electricity - GWh,Greece,2017-03,4492.349,
ESTAT:EI_ISEN_M(1.0),19/12/24 11:00:00,Monthly,Unadjusted data (i.e. neither seasonally adjusted nor calendar adjusted data),Consumption of electricity - GWh,Greece,2017-04,3989.165,
ESTAT:EI_ISEN_M(1.0),19/12/24 11:00:00,Monthly,Unadjusted data (i.e. neither seasonally adjusted nor calendar adjusted data),Consumption of electricity - GWh,Greece,2017-05,4212.741,
ESTAT:EI_ISEN_M(1.0),19/12/24 11:00:00,Monthly,Unadjusted data (i.e. neither seasonally adjusted nor calendar adjusted data),Consumption of electricity - GWh,Greece,2017-06,4653.002,
ESTAT:EI_ISEN_M(1.0),19/12/24 11:00:00,Monthly,Unadjusted data (i.e. neither seasonally adjusted nor calendar adjusted data),Consumption of electricity - GWh,Greece,2017-07,5618.209,
ESTAT:EI_ISEN_M(1.0),19/12/24 11:00:00,Monthly,Unadjusted data (i.e. neither seasonally adjusted nor calendar adjusted data),Consumption of electricity - GWh,Greece,2017-08,5451.123,
ESTAT:EI_ISEN_M(1.0),19/12/24 11:00:00,Monthly,Unadjusted data (i.e. neither seasonally adjusted nor calendar adjusted data),Consumption of electricity - GWh,Greece,2017-09,4531.862,
ESTAT:EI_ISEN_M(1.0),19/12/24 11:00:00,Monthly,Unadjusted data (i.e. neither seasonally adjusted nor calendar adjusted data),Consumption of electricity - GWh,Greece,2017-10,4201.588,
ESTAT:EI_ISEN_M(1.0),19/12/24 11:00:00,Monthly,Unadjusted data (i.e. neither seasonally adjusted nor calendar adjusted data),Consumption of electricity - GWh,Greece,2017-11,4422.030,
ESTAT:EI_ISEN_M(1.0),19/12/24 11:00:00,Monthly,Unadjusted data (i.e. neither seasonally adjusted nor calendar adjusted data),Consumption of electricity - GWh,Greece,2017-12,4881.294,
ESTAT:EI_ISEN_M(1.0),19/12/24 11:00:00,Monthly,Unadjusted data (i.e. neither seasonally adjusted nor calendar adjusted data),Consumption of electricity - GWh,Greece,2018-01,5054.573,
ESTAT:EI_ISEN_M(1.0),19/12/24 11:00:00,Monthly,Unadjusted data (i.e. neither seasonally adjusted nor calendar adjusted data),Consumption of electricity - GWh,Greece,2018-02,4435.298,
ESTAT:EI_ISEN_M(1.0),19/12/24 11:00:00,Monthly,Unadjusted data (i.e. neither seasonally adjusted nor calendar adjusted data),Consumption of electricity - GWh,Greece,2018-03,4452.799,
ESTAT:EI_ISEN_M(1.0),19/12/24 11:00:00,Monthly,Unadjusted data (i.e. neither seasonally adjusted nor calendar adjusted data),Consumption of electricity - GWh,Greece,2018-04,3917.683,
ESTAT:EI_ISEN_M(1.0),19/12/24 11:00:00,Monthly,Unadjusted data (i.e. neither seasonally adjusted nor calendar adjusted data),Consumption of electricity - GWh,Greece,2018-05,4252.817,
ESTAT:EI_ISEN_M(1.0),19/12/24 11:00:00,Monthly,Unadjusted data (i.e. neither seasonally adjusted nor calendar adjusted data),Consumption of electricity - GWh,Greece,2018-06,4695.877,
ESTAT:EI_ISEN_M(1.0),19/12/24 11:00:00,Monthly,Unadjusted data (i.e. neither seasonally adjusted nor calendar adjusted data),Consumption of electricity - GWh,Greece,2018-07,5464.830,
ESTAT:EI_ISEN_M(1.0),19/12/24 11:00:00,Monthly,Unadjusted data (i.e. neither seasonally adjusted nor calendar adjusted data),Consumption of electricity - GWh,Greece,2018-08,5453.540,
ESTAT:EI_ISEN_M(1.0),19/12/24 11:00:00,Monthly,Unadjusted data (i.e. neither seasonally adjusted nor calendar adjusted data),Consumption of electricity - GWh,Greece,2018-09,4610.598,
ESTAT:EI_ISEN_M(1.0),19/12/24 11:00:00,Monthly,Unadjusted data (i.e. neither seasonally adjusted nor calendar adjusted data),Consumption of electricity - GWh,Greece,2018-10,4209.976,
ESTAT:EI_ISEN_M(1.0),19/12/24 11:00:00,Monthly,Unadjusted data (i.e. neither seasonally adjusted nor calendar adjusted data),Consumption of electricity - GWh,Greece,2018-11,4353.885,
ESTAT:EI_ISEN_M(1.0),19/12/24 11:00:00,Monthly,Unadjusted data (i.e. neither seasonally adjusted nor calendar adjusted data),Consumption of electricity - GWh,Greece,2018-12,5092.133,
ESTAT:EI_ISEN_M(1.0),19/12/24 11:00:00,Monthly,Unadjusted data (i.e. neither seasonally adjusted nor calendar adjusted data),Consumption of electricity - GWh,Greece,2019-01,5455.562,
ESTAT:EI_ISEN_M(1.0),19/12/24 11:00:00,Monthly,Unadjusted data (i.e. neither seasonally adjusted nor calendar adjusted data),Consumption of electricity - GWh,Greece,2019-02,4619.251,
ESTAT:EI_ISEN_M(1.0),19/12/24 11:00:00,Monthly,Unadjusted data (i.e. neither seasonally adjusted nor calendar adjusted data),Consumption of electricity - GWh,Greece,2019-03,4482.228,
ESTAT:EI_ISEN_M(1.0),19/12/24 11:00:00,Monthly,Unadjusted data (i.e. neither seasonally adjusted nor calendar adjusted data),Consumption of electricity - GWh,Greece,2019-04,4180.444,
ESTAT:EI_ISEN_M(1.0),19/12/24 11:00:00,Monthly,Unadjusted data (i.e. neither seasonally adjusted nor calendar adjusted data),Consumption of electricity - GWh,Greece,2019-05,4202.394,
ESTAT:EI_ISEN_M(1.0),19/12/24 11:00:00,Monthly,Unadjusted data (i.e. neither seasonally adjusted nor calendar adjusted data),Consumption of electricity - GWh,Greece,2019-06,4873.119,
ESTAT:EI_ISEN_M(1.0),19/12/24 11:00:00,Monthly,Unadjusted data (i.e. neither seasonally adjusted nor calendar adjusted data),Consumption of electricity - GWh,Greece,2019-07,5507.871,
ESTAT:EI_ISEN_M(1.0),19/12/24 11:00:00,Monthly,Unadjusted data (i.e. neither seasonally adjusted nor calendar adjusted data),Consumption of electricity - GWh,Greece,2019-08,5576.710,
ESTAT:EI_ISEN_M(1.0),19/12/24 11:00:00,Monthly,Unadjusted data (i.e. neither seasonally adjusted nor calendar adjusted data),Consumption of electricity - GWh,Greece,2019-09,4586.855,
ESTAT:EI_ISEN_M(1.0),19/12/24 11:00:00,Monthly,Unadjusted data (i.e. neither seasonally adjusted nor calendar adjusted data),Consumption of electricity - GWh,Greece,2019-10,4191.411,
ESTAT:EI_ISEN_M(1.0),19/12/24 11:00:00,Monthly,Unadjusted data (i.e. neither seasonally adjusted nor calendar adjusted data),Consumption of electricity - GWh,Greece,2019-11,4045.686,
ESTAT:EI_ISEN_M(1.0),19/12/24 11:00:00,Monthly,Unadjusted data (i.e. neither seasonally adjusted nor calendar adjusted data),Consumption of electricity - GWh,Greece,2019-12,4823.921,
ESTAT:EI_ISEN_M(1.0),19/12/24 11:00:00,Monthly,Unadjusted data (i.e. neither seasonally adjusted nor calendar adjusted data),Consumption of electricity - GWh,Greece,2020-01,5294.380,
ESTAT:EI_ISEN_M(1.0),19/12/24 11:00:00,Monthly,Unadjusted data (i.e. neither seasonally adjusted nor calendar adjusted data),Consumption of electricity - GWh,Greece,2020-02,4597.341,
ESTAT:EI_ISEN_M(1.0),19/12/24 11:00:00,Monthly,Unadjusted data (i.e. neither seasonally adjusted nor calendar adjusted data),Consumption of electricity - GWh,Greece,2020-03,4398.722,
ESTAT:EI_ISEN_M(1.0),19/12/24 11:00:00,Monthly,Unadjusted data (i.e. neither seasonally adjusted nor calendar adjusted data),Consumption of electricity - GWh,Greece,2020-04,3730.475,
ESTAT:EI_ISEN_M(1.0),19/12/24 11:00:00,Monthly,Unadjusted data (i.e. neither seasonally adjusted nor calendar adjusted data),Consumption of electricity - GWh,Greece,2020-05,3764.832,
ESTAT:EI_ISEN_M(1.0),19/12/24 11:00:00,Monthly,Unadjusted data (i.e. neither seasonally adjusted nor calendar adjusted data),Consumption of electricity - GWh,Greece,2020-06,4068.906,
ESTAT:EI_ISEN_M(1.0),19/12/24 11:00:00,Monthly,Unadjusted data (i.e. neither seasonally adjusted nor calendar adjusted data),Consumption of electricity - GWh,Greece,2020-07,5299.268,
ESTAT:EI_ISEN_M(1.0),19/12/24 11:00:00,Monthly,Unadjusted data (i.e. neither seasonally adjusted nor calendar adjusted data),Consumption of electricity - GWh,Greece,2020-08,5092.313,
ESTAT:EI_ISEN_M(1.0),19/12/24 11:00:00,Monthly,Unadjusted data (i.e. neither seasonally adjusted nor calendar adjusted data),Consumption of electricity - GWh,Greece,2020-09,4505.769,
ESTAT:EI_ISEN_M(1.0),19/12/24 11:00:00,Monthly,Unadjusted data (i.e. neither seasonally adjusted nor calendar adjusted data),Consumption of electricity - GWh,Greece,2020-10,4042.407,
ESTAT:EI_ISEN_M(1.0),19/12/24 11:00:00,Monthly,Unadjusted data (i.e. neither seasonally adjusted nor calendar adjusted data),Consumption of electricity - GWh,Greece,2020-11,4111.477,
ESTAT:EI_ISEN_M(1.0),19/12/24 11:00:00,Monthly,Unadjusted data (i.e. neither seasonally adjusted nor calendar adjusted data),Consumption of electricity - GWh,Greece,2020-12,4525.502,
ESTAT:EI_ISEN_M(1.0),19/12/24 11:00:00,Monthly,Unadjusted data (i.e. neither seasonally adjusted nor calendar adjusted data),Consumption of electricity - GWh,Greece,2021-01,4723.654,
ESTAT:EI_ISEN_M(1.0),19/12/24 11:00:00,Monthly,Unadjusted data (i.e. neither seasonally adjusted nor calendar adjusted data),Consumption of electricity - GWh,Greece,2021-02,4232.497,
ESTAT:EI_ISEN_M(1.0),19/12/24 11:00:00,Monthly,Unadjusted data (i.e. neither seasonally adjusted nor calendar adjusted data),Consumption of electricity - GWh,Greece,2021-03,4440.737,
ESTAT:EI_ISEN_M(1.0),19/12/24 11:00:00,Monthly,Unadjusted data (i.e. neither seasonally adjusted nor calendar adjusted data),Consumption of electricity - GWh,Greece,2021-04,3973.367,
ESTAT:EI_ISEN_M(1.0),19/12/24 11:00:00,Monthly,Unadjusted data (i.e. neither seasonally adjusted nor calendar adjusted data),Consumption of electricity - GWh,Greece,2021-05,3954.500,
ESTAT:EI_ISEN_M(1.0),19/12/24 11:00:00,Monthly,Unadjusted data (i.e. neither seasonally adjusted nor calendar adjusted data),Consumption of electricity - GWh,Greece,2021-06,4558.504,
ESTAT:EI_ISEN_M(1.0),19/12/24 11:00:00,Monthly,Unadjusted data (i.e. neither seasonally adjusted nor calendar adjusted data),Consumption of electricity - GWh,Greece,2021-07,5965.705,
ESTAT:EI_ISEN_M(1.0),19/12/24 11:00:00,Monthly,Unadjusted data (i.e. neither seasonally adjusted nor calendar adjusted data),Consumption of electricity - GWh,Greece,2021-08,5755.179,
ESTAT:EI_ISEN_M(1.0),19/12/24 11:00:00,Monthly,Unadjusted data (i.e. neither seasonally adjusted nor calendar adjusted data),Consumption of electricity - GWh,Greece,2021-09,4389.921,
ESTAT:EI_ISEN_M(1.0),19/12/24 11:00:00,Monthly,Unadjusted data (i.e. neither seasonally adjusted nor calendar adjusted data),Consumption of electricity - GWh,Greece,2021-10,4180.180,
ESTAT:EI_ISEN_M(1.0),19/12/24 11:00:00,Monthly,Unadjusted data (i.e. neither seasonally adjusted nor calendar adjusted data),Consumption of electricity - GWh,Greece,2021-11,4062.389,
ESTAT:EI_ISEN_M(1.0),19/12/24 11:00:00,Monthly,Unadjusted data (i.e. neither seasonally adjusted nor calendar adjusted data),Consumption of electricity - GWh,Greece,2021-12,4669.610,
ESTAT:EI_ISEN_M(1.0),19/12/24 11:00:00,Monthly,Unadjusted data (i.e. neither seasonally adjusted nor calendar adjusted data),Consumption of electricity - GWh,Greece,2022-01,4866.340,
ESTAT:EI_ISEN_M(1.0),19/12/24 11:00:00,Monthly,Unadjusted data (i.e. neither seasonally adjusted nor calendar adjusted data),Consumption of electricity - GWh,Greece,2022-02,4168.355,
ESTAT:EI_ISEN_M(1.0),19/12/24 11:00:00,Monthly,Unadjusted data (i.e. neither seasonally adjusted nor calendar adjusted data),Consumption of electricity - GWh,Greece,2022-03,4674.670,
ESTAT:EI_ISEN_M(1.0),19/12/24 11:00:00,Monthly,Unadjusted data (i.e. neither seasonally adjusted nor calendar adjusted data),Consumption of electricity - GWh,Greece,2022-04,3676.998,
ESTAT:EI_ISEN_M(1.0),19/12/24 11:00:00,Monthly,Unadjusted data (i.e. neither seasonally adjusted nor calendar adjusted data),Consumption of electricity - GWh,Greece,2022-05,3941.243,
ESTAT:EI_ISEN_M(1.0),19/12/24 11:00:00,Monthly,Unadjusted data (i.e. neither seasonally adjusted nor calendar adjusted data),Consumption of electricity - GWh,Greece,2022-06,4401.957,
ESTAT:EI_ISEN_M(1.0),19/12/24 11:00:00,Monthly,Unadjusted data (i.e. neither seasonally adjusted nor calendar adjusted data),Consumption of electricity - GWh,Greece,2022-07,5146.246,
ESTAT:EI_ISEN_M(1.0),19/12/24 11:00:00,Monthly,Unadjusted data (i.e. neither seasonally adjusted nor calendar adjusted data),Consumption of electricity - GWh,Greece,2022-08,4828.822,
ESTAT:EI_ISEN_M(1.0),19/12/24 11:00:00,Monthly,Unadjusted data (i.e. neither seasonally adjusted nor calendar adjusted data),Consumption of electricity - GWh,Greece,2022-09,4046.558,
ESTAT:EI_ISEN_M(1.0),19/12/24 11:00:00,Monthly,Unadjusted data (i.e. neither seasonally adjusted nor calendar adjusted data),Consumption of electricity - GWh,Greece,2022-10,3720.550,
ESTAT:EI_ISEN_M(1.0),19/12/24 11:00:00,Monthly,Unadjusted data (i.e. neither seasonally adjusted nor calendar adjusted data),Consumption of electricity - GWh,Greece,2022-11,3700.371,
ESTAT:EI_ISEN_M(1.0),19/12/24 11:00:00,Monthly,Unadjusted data (i.e. neither seasonally adjusted nor calendar adjusted data),Consumption of electricity - GWh,Greece,2022-12,4071.132,
ESTAT:EI_ISEN_M(1.0),19/12/24 11:00:00,Monthly,Unadjusted data (i.e. neither seasonally adjusted nor calendar adjusted data),Consumption of electricity - GWh,Greece,2023-01,4230.079,
ESTAT:EI_ISEN_M(1.0),19/12/24 11:00:00,Monthly,Unadjusted data (i.e. neither seasonally adjusted nor calendar adjusted data),Consumption of electricity - GWh,Greece,2023-02,4096.105,
ESTAT:EI_ISEN_M(1.0),19/12/24 11:00:00,Monthly,Unadjusted data (i.e. neither seasonally adjusted nor calendar adjusted data),Consumption of electricity - GWh,Greece,2023-03,3978.248,
ESTAT:EI_ISEN_M(1.0),19/12/24 11:00:00,Monthly,Unadjusted data (i.e. neither seasonally adjusted nor calendar adjusted data),Consumption of electricity - GWh,Greece,2023-04,3608.375,
ESTAT:EI_ISEN_M(1.0),19/12/24 11:00:00,Monthly,Unadjusted data (i.e. neither seasonally adjusted nor calendar adjusted data),Consumption of electricity - GWh,Greece,2023-05,3718.737,
ESTAT:EI_ISEN_M(1.0),19/12/24 11:00:00,Monthly,Unadjusted data (i.e. neither seasonally adjusted nor calendar adjusted data),Consumption of electricity - GWh,Greece,2023-06,3996.815,
ESTAT:EI_ISEN_M(1.0),19/12/24 11:00:00,Monthly,Unadjusted data (i.e. neither seasonally adjusted nor calendar adjusted data),Consumption of electricity - GWh,Greece,2023-07,5703.851,
ESTAT:EI_ISEN_M(1.0),19/12/24 11:00:00,Monthly,Unadjusted data (i.e. neither seasonally adjusted nor calendar adjusted data),Consumption of electricity - GWh,Greece,2023-08,5100.252,
ESTAT:EI_ISEN_M(1.0),19/12/24 11:00:00,Monthly,Unadjusted data (i.e. neither seasonally adjusted nor calendar adjusted data),Consumption of electricity - GWh,Greece,2023-09,3992.457,
ESTAT:EI_ISEN_M(1.0),19/12/24 11:00:00,Monthly,Unadjusted data (i.e. neither seasonally adjusted nor calendar adjusted data),Consumption of electricity - GWh,Greece,2023-10,3736.510,
ESTAT:EI_ISEN_M(1.0),19/12/24 11:00:00,Monthly,Unadjusted data (i.e. neither seasonally adjusted nor calendar adjusted data),Consumption of electricity - GWh,Greece,2023-11,3728.316,
ESTAT:EI_ISEN_M(1.0),19/12/24 11:00:00,Monthly,Unadjusted data (i.e. neither seasonally adjusted nor calendar adjusted data),Consumption of electricity - GWh,Greece,2023-12,4168.203,
ESTAT:EI_ISEN_M(1.0),19/12/24 11:00:00,Monthly,Unadjusted data (i.e. neither seasonally adjusted nor calendar adjusted data),Consumption of electricity - GWh,Greece,2024-01,4496.141,
ESTAT:EI_ISEN_M(1.0),19/12/24 11:00:00,Monthly,Unadjusted data (i.e. neither seasonally adjusted nor calendar adjusted data),Consumption of electricity - GWh,Greece,2024-02,3933.097,
ESTAT:EI_ISEN_M(1.0),19/12/24 11:00:00,Monthly,Unadjusted data (i.e. neither seasonally adjusted nor calendar adjusted data),Consumption of electricity - GWh,Greece,2024-03,3686.998,
ESTAT:EI_ISEN_M(1.0),19/12/24 11:00:00,Monthly,Unadjusted data (i.e. neither seasonally adjusted nor calendar adjusted data),Consumption of electricity - GWh,Greece,2024-04,3335.890,
ESTAT:EI_ISEN_M(1.0),19/12/24 11:00:00,Monthly,Unadjusted data (i.e. neither seasonally adjusted nor calendar adjusted data),Consumption of electricity - GWh,Greece,2024-05,3520.845,
ESTAT:EI_ISEN_M(1.0),19/12/24 11:00:00,Monthly,Unadjusted data (i.e. neither seasonally adjusted nor calendar adjusted data),Consumption of electricity - GWh,Greece,2024-06,4807.653,
ESTAT:EI_ISEN_M(1.0),19/12/24 11:00:00,Monthly,Unadjusted data (i.e. neither seasonally adjusted nor calendar adjusted data),Consumption of electricity - GWh,Greece,2024-07,5726.600,
ESTAT:EI_ISEN_M(1.0),19/12/24 11:00:00,Monthly,Unadjusted data (i.e. neither seasonally adjusted nor calendar adjusted data),Consumption of electricity - GWh,Greece,2024-08,5018.885,
ESTAT:EI_ISEN_M(1.0),19/12/24 11:00:00,Monthly,Unadjusted data (i.e. neither seasonally adjusted nor calendar adjusted data),Consumption of electricity - GWh,Greece,2024-09,3895.889,
ESTAT:EI_ISEN_M(1.0),19/12/24 11:00:00,Monthly,Unadjusted data (i.e. neither seasonally adjusted nor calendar adjusted data),Consumption of electricity - GWh,Greece,2024-10,3526.756,
